City_ID,City,Country,Lat,Lng,Max Temp,Humidity,Cloudiness,Wind Speed,Current Description,Date
0,Padang,ID,-0.9492,100.3543,86.05,64,62,3.8,broken clouds,2022-04-14 02:57:07
1,Geraldton,AU,-28.7667,114.6,75.61,57,0,20.71,clear sky,2022-04-14 02:57:07
2,Port Hardy,CA,50.6996,-127.4199,44.6,70,75,11.5,broken clouds,2022-04-14 02:53:17
3,Dikson,RU,73.5069,80.5464,21.38,96,98,8.5,overcast clouds,2022-04-14 02:57:08
4,Hobart,AU,-42.8794,147.3294,66.22,57,75,8.05,broken clouds,2022-04-14 02:57:08
5,Upernavik,GL,72.7868,-56.1549,-11.69,100,93,6.51,overcast clouds,2022-04-14 02:57:09
6,Bredasdorp,ZA,-34.5322,20.0403,62.65,82,100,3.49,overcast clouds,2022-04-14 02:57:09
7,Cockburn Town,TC,21.4612,-71.1419,77.14,80,9,26.42,clear sky,2022-04-14 02:57:10
8,Mecca,SA,21.4267,39.8261,79.0,45,26,2.06,scattered clouds,2022-04-14 02:56:56
9,Jamestown,US,42.097,-79.2353,66.18,45,99,12.48,overcast clouds,2022-04-14 02:57:10
10,Mayo,US,38.8876,-76.5119,77.88,64,0,9.22,clear sky,2022-04-14 02:54:15
11,Port Alfred,ZA,-33.5906,26.891,64.96,87,69,11.88,broken clouds,2022-04-14 02:54:12
12,Saint-Philippe,RE,-21.3585,55.7679,72.99,89,47,14.65,light rain,2022-04-14 02:57:11
13,Nybro,SE,56.7446,15.9071,42.04,97,100,2.08,light rain,2022-04-14 02:57:11
14,Punta Arenas,CL,-53.15,-70.9167,51.91,76,20,35.68,few clouds,2022-04-14 02:54:10
15,Isangel,VU,-19.55,169.2667,84.02,71,12,6.78,few clouds,2022-04-14 02:57:12
16,Pangody,RU,65.85,74.4859,32.68,97,100,7.54,overcast clouds,2022-04-14 02:57:12
17,Caluquembe,AO,-13.7833,14.6833,58.8,96,100,2.59,overcast clouds,2022-04-14 02:57:13
18,La Palma,US,33.8464,-118.0467,65.71,48,20,8.05,few clouds,2022-04-14 02:57:13
19,Tuktoyaktuk,CA,69.4541,-133.0374,1.4,71,20,13.8,few clouds,2022-04-14 02:57:13
20,Bay City,US,43.5945,-83.8889,64.51,94,100,14.97,overcast clouds,2022-04-14 02:57:14
21,Mataura,NZ,-46.1927,168.8643,60.48,53,45,4.72,scattered clouds,2022-04-14 02:52:47
22,Nizwa,OM,22.9333,57.5333,86.65,14,86,1.99,overcast clouds,2022-04-14 02:57:14
23,Atuona,PF,-9.8,-139.0333,79.41,77,47,17.27,scattered clouds,2022-04-14 02:57:15
24,Rikitea,PF,-23.1203,-134.9692,78.4,70,10,19.1,light rain,2022-04-14 02:57:15
25,Vaini,TO,-21.2,-175.2,82.56,94,40,10.36,scattered clouds,2022-04-14 02:57:16
26,Hami,CN,42.8,93.45,55.35,16,0,24.32,clear sky,2022-04-14 02:57:16
27,Qaanaaq,GL,77.484,-69.3632,-4.38,93,100,4.25,overcast clouds,2022-04-14 02:57:16
28,Sur,OM,22.5667,59.5289,88.05,30,6,4.03,clear sky,2022-04-14 02:57:17
29,Puerto Ayora,EC,-0.7393,-90.3518,76.53,90,88,6.62,overcast clouds,2022-04-14 02:57:17
30,Gay,RU,51.4666,58.4552,52.32,75,94,11.83,overcast clouds,2022-04-14 02:57:18
31,Buala,SB,-8.145,159.5921,85.91,67,26,8.05,light rain,2022-04-14 02:57:18
32,Avera,US,33.194,-82.5271,69.55,77,42,11.72,scattered clouds,2022-04-14 02:57:18
33,Haines Junction,CA,60.7522,-137.5108,37.35,18,19,3.44,few clouds,2022-04-14 02:57:19
34,Tifton,US,31.4505,-83.5085,67.96,79,0,3.44,clear sky,2022-04-14 02:57:19
35,Tiksi,RU,71.6872,128.8694,2.34,93,100,8.01,overcast clouds,2022-04-14 02:57:20
36,Ilebo,CD,-4.3167,20.5833,72.32,95,100,1.39,overcast clouds,2022-04-14 02:57:20
37,Ushuaia,AR,-54.8,-68.3,49.66,76,40,29.93,scattered clouds,2022-04-14 02:53:19
38,Chapais,CA,49.7834,-74.8492,33.58,90,16,7.54,few clouds,2022-04-14 02:57:21
39,Fortuna,US,40.5982,-124.1573,47.08,90,100,19.57,overcast clouds,2022-04-14 02:57:21
40,Nikolskoye,RU,59.7035,30.7861,35.8,91,92,2.93,overcast clouds,2022-04-14 02:57:21
41,Port Blair,IN,11.6667,92.75,87.84,66,20,10.36,few clouds,2022-04-14 02:57:22
42,Casablanca,MA,33.5928,-7.6192,53.82,82,4,5.5,clear sky,2022-04-14 02:53:13
43,Kapaa,US,22.0752,-159.319,75.47,83,85,5.99,overcast clouds,2022-04-14 02:56:25
44,Lavrentiya,RU,65.5833,-171.0,26.62,86,100,12.62,overcast clouds,2022-04-14 02:57:22
45,Poopo,BO,-18.3667,-66.9667,44.53,25,0,2.44,clear sky,2022-04-14 02:57:23
46,Port Elizabeth,ZA,-33.918,25.5701,64.69,89,20,11.5,few clouds,2022-04-14 02:57:23
47,Muros,ES,42.7762,-9.0603,46.83,93,100,4.7,overcast clouds,2022-04-14 02:57:24
48,Lata,PT,40.1629,-8.3327,48.88,98,100,2.28,overcast clouds,2022-04-14 02:57:24
49,Saint Anthony,US,45.0205,-93.218,35.65,57,0,12.66,clear sky,2022-04-14 02:53:08
50,Gat,IL,31.61,34.7642,55.4,70,1,4.16,clear sky,2022-04-14 02:57:25
51,Rawah,IQ,34.4816,41.9093,55.49,19,100,7.07,overcast clouds,2022-04-14 02:57:25
52,Tilichiki,RU,60.4667,166.1,23.79,85,100,8.66,overcast clouds,2022-04-14 02:57:26
53,Chauk,MM,20.8833,94.8167,91.36,43,10,16.28,clear sky,2022-04-14 02:57:26
54,Esperance,AU,-33.8667,121.9,64.24,74,98,13.96,overcast clouds,2022-04-14 02:57:26
55,Xuddur,SO,4.1213,43.8894,73.22,88,53,9.98,broken clouds,2022-04-14 02:57:27
56,Konevo,RU,62.1215,39.3192,29.32,93,94,3.15,overcast clouds,2022-04-14 02:57:27
57,Smithers,CA,54.7804,-127.1743,34.12,27,20,6.91,few clouds,2022-04-14 02:57:28
58,Seoul,KR,37.5683,126.9778,54.84,60,100,14.97,overcast clouds,2022-04-14 02:57:07
59,Chiredzi,ZW,-21.05,31.6667,68.79,79,26,2.91,scattered clouds,2022-04-14 02:57:28
60,Nhulunbuy,AU,-12.2333,136.7667,88.41,66,75,14.97,broken clouds,2022-04-14 02:57:29
61,Taltal,CL,-25.4,-70.4833,60.46,80,23,1.28,few clouds,2022-04-14 02:57:29
62,Port Lincoln,AU,-34.7333,135.8667,70.38,67,100,13.18,light rain,2022-04-14 02:55:52
63,Serowe,BW,-22.3833,26.7167,65.66,55,82,3.29,broken clouds,2022-04-14 02:57:30
64,Muisne,EC,0.6,-80.0333,76.23,88,100,5.57,overcast clouds,2022-04-14 02:57:30
65,Hermanus,ZA,-34.4187,19.2345,61.81,87,100,8.08,light rain,2022-04-14 02:54:27
66,Nuuk,GL,64.1835,-51.7216,23.88,100,59,18.01,broken clouds,2022-04-14 02:57:30
67,East London,ZA,-33.0153,27.9116,67.26,86,100,9.26,overcast clouds,2022-04-14 02:53:06
68,Yumen,CN,40.2833,97.2,54.75,6,98,8.08,overcast clouds,2022-04-14 02:57:31
69,Narsaq,GL,60.9167,-46.05,35.2,60,100,4.61,overcast clouds,2022-04-14 02:57:31
70,Adrar,MR,20.5022,-10.0711,69.51,29,0,10.54,clear sky,2022-04-14 02:57:32
71,Majene,ID,-3.5403,118.9707,84.47,73,54,4.88,broken clouds,2022-04-14 02:57:32
72,Kulykiv,UA,50.3142,24.8176,38.48,76,4,0.43,clear sky,2022-04-14 02:57:32
73,Tasiilaq,GL,65.6145,-37.6368,24.58,89,100,6.51,overcast clouds,2022-04-14 02:54:22
74,Severo-Kurilsk,RU,50.6789,156.125,30.85,73,90,27.36,overcast clouds,2022-04-14 02:57:33
75,Constitucion,CL,-35.3333,-72.4167,55.89,52,0,6.31,clear sky,2022-04-14 02:57:33
76,Batsfjord,NO,70.6345,29.7185,22.78,79,40,4.61,scattered clouds,2022-04-14 02:57:34
77,Sisimiut,GL,66.9395,-53.6735,14.02,84,44,16.2,scattered clouds,2022-04-14 02:57:34
78,Sinjar,IQ,36.3209,41.8754,46.62,30,2,7.38,clear sky,2022-04-14 02:57:34
79,Sao Filipe,CV,14.8961,-24.4956,70.77,75,76,8.41,broken clouds,2022-04-14 02:57:35
80,Kirakira,SB,-10.4544,161.9205,85.23,71,19,8.61,few clouds,2022-04-14 02:57:35
81,Bluff,NZ,-46.6,168.3333,60.8,77,75,20.27,broken clouds,2022-04-14 02:54:32
82,Albany,US,42.6001,-73.9662,63.03,75,92,1.01,overcast clouds,2022-04-14 02:55:30
83,Khatanga,RU,71.9667,102.5,7.9,90,100,8.66,overcast clouds,2022-04-14 02:57:36
84,Georgetown,MY,5.4112,100.3354,87.73,74,20,5.01,few clouds,2022-04-14 02:56:57
85,Tuatapere,NZ,-46.1333,167.6833,62.11,61,43,6.29,scattered clouds,2022-04-14 02:57:36
86,Virginia Beach,US,36.8529,-75.978,74.01,67,94,5.01,overcast clouds,2022-04-14 02:57:37
87,Atasu,KZ,48.6814,71.6433,53.62,40,0,8.05,clear sky,2022-04-14 02:57:37
88,Barrow,US,71.2906,-156.7887,-0.42,92,22,10.6,few clouds,2022-04-14 02:57:38
89,Malakal,SS,9.5334,31.6605,82.71,49,14,3.27,few clouds,2022-04-14 02:57:38
90,Arraial Do Cabo,BR,-22.9661,-42.0278,77.07,88,96,10.2,overcast clouds,2022-04-14 02:57:39
91,Bilibino,RU,68.0546,166.4372,26.11,75,100,5.01,overcast clouds,2022-04-14 02:57:39
92,Honiara,SB,-9.4333,159.95,85.77,70,21,5.84,few clouds,2022-04-14 02:57:39
93,Mar Del Plata,AR,-38.0023,-57.5575,58.87,76,0,8.01,clear sky,2022-04-14 02:55:02
94,Bambous Virieux,MU,-20.3428,57.7575,78.22,88,75,14.97,light rain,2022-04-14 02:54:13
95,Ribeira Grande,PT,38.5167,-28.7,59.2,65,0,12.62,clear sky,2022-04-14 02:54:28
96,New Norfolk,AU,-42.7826,147.0587,65.71,48,100,3.0,light rain,2022-04-14 02:55:53
97,Port-Gentil,GA,-0.7193,8.7815,79.93,83,100,5.48,light rain,2022-04-14 02:57:40
98,Hilo,US,19.7297,-155.09,82.27,85,75,11.5,light rain,2022-04-14 02:57:41
99,Namibe,AO,-15.1961,12.1522,76.68,82,0,2.26,clear sky,2022-04-14 02:54:19
100,Busselton,AU,-33.65,115.3333,68.31,45,0,6.35,clear sky,2022-04-14 02:57:41
101,Hithadhoo,MV,-0.6,73.0833,83.84,74,100,9.37,overcast clouds,2022-04-14 02:57:42
102,Hamilton,US,39.1834,-84.5333,62.26,95,100,10.36,heavy intensity rain,2022-04-14 02:54:34
103,Puerto Carreno,CO,6.189,-67.4859,82.96,62,38,3.13,scattered clouds,2022-04-14 02:57:42
104,Kodiak,US,57.79,-152.4072,40.84,64,100,11.86,overcast clouds,2022-04-14 02:55:48
105,Verkhoyansk,RU,67.5447,133.385,16.83,80,100,2.71,overcast clouds,2022-04-14 02:57:42
106,Makurdi,NG,7.7411,8.5121,79.14,80,97,8.66,light rain,2022-04-14 02:57:43
107,Masvingo,ZW,-20.0637,30.8277,64.0,82,26,5.1,scattered clouds,2022-04-14 02:57:43
108,Bereda,ES,43.2686,-7.5406,47.57,100,100,1.21,overcast clouds,2022-04-14 02:57:44
109,Chengam,IN,12.3,78.8,84.54,64,90,0.81,overcast clouds,2022-04-14 02:57:44
110,Shubarkuduk,KZ,49.1447,56.4872,57.96,63,13,18.3,few clouds,2022-04-14 02:57:44
111,Norman Wells,CA,65.282,-126.8329,23.04,74,100,14.97,light snow,2022-04-14 02:57:45
112,Vestmannaeyjar,IS,63.4427,-20.2734,45.79,90,100,35.81,overcast clouds,2022-04-14 02:57:45
113,Havelock,US,34.8791,-76.9013,70.02,89,72,5.99,broken clouds,2022-04-14 02:57:46
114,Sinnamary,GF,5.3833,-52.95,76.66,87,96,12.5,overcast clouds,2022-04-14 02:57:46
115,Carauari,BR,-4.8828,-66.8958,74.52,94,100,0.58,moderate rain,2022-04-14 02:57:46
116,Coxim,BR,-18.5067,-54.76,72.01,90,100,3.24,light rain,2022-04-14 02:57:47
117,Dicabisagan,PH,17.0818,122.4157,84.34,66,36,4.16,scattered clouds,2022-04-14 02:57:47
118,Leningradskiy,RU,69.3833,178.4167,8.38,91,95,14.12,overcast clouds,2022-04-14 02:57:48
119,Jalu,LY,29.0331,21.5482,63.54,28,82,12.93,broken clouds,2022-04-14 02:57:48
120,Merauke,ID,-8.4667,140.3333,85.42,71,93,8.68,overcast clouds,2022-04-14 02:55:06
121,Fairbanks,US,64.8378,-147.7164,43.21,38,0,0.0,clear sky,2022-04-14 02:57:49
122,Ostrovnoy,RU,68.0531,39.5131,12.27,96,91,7.16,overcast clouds,2022-04-14 02:57:49
123,Codrington,AU,-38.2667,141.9667,72.36,36,100,9.75,overcast clouds,2022-04-14 02:57:49
124,Muroto,JP,33.2833,134.15,65.71,90,93,11.39,overcast clouds,2022-04-14 02:57:50
125,Nokaneng,BW,-19.6667,22.2667,71.19,44,100,5.46,overcast clouds,2022-04-14 02:57:51
126,Cape Town,ZA,-33.9258,18.4232,64.11,84,0,18.41,clear sky,2022-04-14 02:53:07
127,Ca Mau,VN,9.1769,105.15,89.64,59,97,5.84,overcast clouds,2022-04-14 02:57:51
128,Luderitz,NA,-26.6481,15.1594,59.94,80,7,6.98,clear sky,2022-04-14 02:57:52
129,Bethel,US,41.3712,-73.414,63.9,79,100,2.35,overcast clouds,2022-04-14 02:57:52
130,Oceanside,US,33.1959,-117.3795,60.78,65,0,5.01,clear sky,2022-04-14 02:53:09
131,Puno,PE,-15.8333,-70.0333,40.93,37,2,2.91,clear sky,2022-04-14 02:57:53
132,Murgab,TM,37.4966,61.9714,62.47,55,0,9.22,clear sky,2022-04-14 02:57:53
133,Lebu,CL,-37.6167,-73.65,51.48,91,5,13.65,clear sky,2022-04-14 02:57:53
134,Jelenia Gora,PL,50.8997,15.729,52.63,79,100,5.35,overcast clouds,2022-04-14 02:57:54
135,College,US,64.8569,-147.8028,43.2,38,0,0.0,clear sky,2022-04-14 02:57:54
136,Zvishavane,ZW,-20.3267,30.0665,64.71,76,36,4.0,scattered clouds,2022-04-14 02:57:55
137,Yar-Sale,RU,66.8333,70.8333,33.58,100,100,7.7,overcast clouds,2022-04-14 02:57:55
138,Miles City,US,46.4083,-105.8406,18.57,79,100,28.77,overcast clouds,2022-04-14 02:57:55
139,Thompson,CA,55.7435,-97.8558,19.56,63,100,16.11,overcast clouds,2022-04-14 02:53:09
140,Salinopolis,BR,-0.6136,-47.3561,78.62,88,100,7.65,light rain,2022-04-14 02:57:56
141,Anadyr,RU,64.75,177.4833,27.1,92,40,33.55,light snow,2022-04-14 02:57:57
142,Caravelas,BR,-17.7125,-39.2481,75.65,89,22,5.59,few clouds,2022-04-14 02:57:57
143,Jacareacanga,BR,-6.2222,-57.7528,73.35,98,100,0.74,overcast clouds,2022-04-14 02:57:58
144,Pevek,RU,69.7008,170.3133,9.05,81,94,3.33,overcast clouds,2022-04-14 02:57:58
145,Loralai,PK,30.3705,68.598,71.2,11,0,6.04,clear sky,2022-04-14 02:57:58
146,Nueve De Julio,AR,-35.4444,-60.8831,49.44,70,0,5.48,clear sky,2022-04-14 02:57:59
147,Katobu,ID,-4.9408,122.5276,78.8,84,100,2.51,light rain,2022-04-14 02:57:59
148,Bandarbeyla,SO,9.4942,50.8122,79.29,83,6,2.8,clear sky,2022-04-14 02:58:00
149,Tripoli,LY,32.8752,13.1875,67.05,52,100,21.97,overcast clouds,2022-04-14 02:57:13
150,Nangomba,TZ,-10.9,38.5,69.12,99,92,2.48,overcast clouds,2022-04-14 02:58:00
151,Lasa,IT,46.6166,10.7002,42.37,85,97,1.32,overcast clouds,2022-04-14 02:58:00
152,Ambulu,ID,-8.345,113.6058,85.69,64,8,3.24,clear sky,2022-04-14 02:58:01
153,Mareeba,AU,-17.0,145.4333,80.65,78,82,8.32,broken clouds,2022-04-14 02:58:01
154,Goderich,CA,43.7501,-81.7165,61.12,88,98,13.8,overcast clouds,2022-04-14 02:53:08
155,Kiruna,SE,67.8557,20.2251,14.92,92,92,2.3,overcast clouds,2022-04-14 02:58:02
156,Butaritari,KI,3.0707,172.7902,81.66,76,34,14.88,light rain,2022-04-14 02:58:02
157,Broken Hill,AU,-31.95,141.4333,76.71,25,54,11.5,broken clouds,2022-04-14 02:58:03
158,Shingu,JP,33.7333,135.9833,70.7,77,71,6.08,broken clouds,2022-04-14 02:58:03
159,Castro,BR,-24.7911,-50.0119,60.75,97,37,0.6,scattered clouds,2022-04-14 02:58:04
160,Capaci,IT,38.1711,13.2393,59.16,47,0,3.44,clear sky,2022-04-14 02:58:04
161,Chokurdakh,RU,70.6333,147.9167,5.52,85,6,5.12,clear sky,2022-04-14 02:58:04
162,Ancud,CL,-41.8697,-73.8203,52.23,93,24,4.45,few clouds,2022-04-14 02:58:05
163,Bulgan,MN,48.8125,103.5347,27.05,73,100,7.31,overcast clouds,2022-04-14 02:58:05
164,Kumluca,TR,36.3703,30.2869,53.89,42,3,5.93,clear sky,2022-04-14 02:58:06
165,Katsuura,JP,35.1333,140.3,57.81,86,100,23.09,overcast clouds,2022-04-14 02:58:06
166,Bowen,AU,-20.0167,148.2333,82.2,56,79,18.01,broken clouds,2022-04-14 02:58:06
167,Senekal,ZA,-28.3197,27.6208,53.1,73,0,4.21,clear sky,2022-04-14 02:58:07
168,Beringovskiy,RU,63.05,179.3167,31.71,99,100,11.34,snow,2022-04-14 02:58:07
169,Huarmey,PE,-10.0681,-78.1522,67.62,83,93,9.8,overcast clouds,2022-04-14 02:58:08
170,Acapulco,MX,16.8634,-99.8901,78.01,82,77,3.85,broken clouds,2022-04-14 02:58:08
171,Kaitangata,NZ,-46.2817,169.8464,62.64,55,30,6.51,scattered clouds,2022-04-14 02:54:16
172,Guangshui,CN,31.6199,113.9978,61.47,44,100,13.4,moderate rain,2022-04-14 02:58:09
173,Torbay,CA,47.6666,-52.7314,33.58,92,100,23.02,light shower snow,2022-04-14 02:58:09
174,Semey,KZ,50.4111,80.2275,43.02,56,0,4.47,clear sky,2022-04-14 02:58:10
175,Sangar,RU,63.9242,127.4739,25.56,93,100,15.21,light snow,2022-04-14 02:58:10
176,Grand Gaube,MU,-20.0064,57.6608,78.39,85,45,7.0,scattered clouds,2022-04-14 02:58:11
177,Yellowknife,CA,62.456,-114.3525,7.32,66,0,8.05,clear sky,2022-04-14 02:58:11
178,Mahebourg,MU,-20.4081,57.7,78.26,88,75,14.97,broken clouds,2022-04-14 02:55:08
179,Sabha,LY,27.0377,14.4283,75.4,14,3,14.52,clear sky,2022-04-14 02:58:12
180,Korla,CN,41.7597,86.1469,61.79,12,7,7.16,clear sky,2022-04-14 02:58:12
181,Rorvik,NO,64.8621,11.2373,38.35,73,9,9.24,clear sky,2022-04-14 02:58:13
182,Las Lomas,PA,8.4333,-82.4,78.21,94,20,1.14,few clouds,2022-04-14 02:58:13
183,Avarua,CK,-21.2078,-159.775,84.25,70,7,4.61,clear sky,2022-04-14 02:58:14
184,Zaozhuang,CN,34.8647,117.5542,63.19,25,100,10.51,overcast clouds,2022-04-14 02:58:14
185,Abapo,BO,-18.8333,-63.4667,63.03,98,100,3.15,overcast clouds,2022-04-14 02:57:24
186,Amberley,US,39.2048,-84.428,61.88,94,100,10.36,heavy intensity rain,2022-04-14 02:58:15
187,Merrill,US,45.1805,-89.6835,35.37,97,100,6.91,snow,2022-04-14 02:58:15
188,Bengkulu,ID,-3.8004,102.2655,83.93,66,51,2.95,broken clouds,2022-04-14 02:58:15
189,Ilulissat,GL,69.2167,-51.1,1.27,98,100,4.05,overcast clouds,2022-04-14 02:58:16
190,Nizhniy Tsasuchey,RU,50.5167,115.1333,43.88,25,3,10.92,clear sky,2022-04-14 02:58:16
191,Poum,NC,-20.2333,164.0167,78.55,75,7,6.46,clear sky,2022-04-14 02:58:17
192,Sungaipenuh,ID,-2.0833,101.3833,76.69,63,93,1.97,overcast clouds,2022-04-14 02:58:17
193,Kununurra,AU,-15.7667,128.7333,89.58,62,66,4.61,broken clouds,2022-04-14 02:57:13
194,Kitami,JP,43.8031,143.8908,42.26,53,100,4.65,overcast clouds,2022-04-14 02:58:17
195,Provideniya,RU,64.3833,-173.3,30.36,93,100,13.42,snow,2022-04-14 02:58:18
196,Erenhot,CN,43.6475,111.9767,41.67,24,4,14.76,clear sky,2022-04-14 02:58:18
197,Necochea,AR,-38.5473,-58.7368,54.54,69,0,7.02,clear sky,2022-04-14 02:55:07
198,Enid,US,36.3956,-97.8784,46.08,49,0,8.05,clear sky,2022-04-14 02:58:19
199,Sobolevo,RU,54.4299,31.8996,32.5,92,74,6.64,broken clouds,2022-04-14 02:58:19
200,Nenjiang,CN,49.1833,125.2167,43.21,26,3,9.17,clear sky,2022-04-14 02:53:49
201,Roma,US,43.2128,-75.4557,65.73,88,100,1.01,overcast clouds,2022-04-14 02:58:20
202,Maceio,BR,-9.6658,-35.7353,74.64,88,0,3.44,clear sky,2022-04-14 02:58:20
203,Kontagora,NG,10.3999,5.4695,80.49,62,100,8.75,overcast clouds,2022-04-14 02:58:20
204,Bukama,CD,-9.2,25.85,67.6,95,33,2.37,scattered clouds,2022-04-14 02:58:21
205,Trinidad,BO,-14.8333,-64.9,74.61,95,30,2.84,heavy intensity rain,2022-04-14 02:58:21
206,Comodoro Rivadavia,AR,-45.8667,-67.5,66.06,39,0,12.66,clear sky,2022-04-14 02:58:21
207,Lompoc,US,34.6391,-120.4579,53.78,72,0,4.0,clear sky,2022-04-14 02:58:22
208,Cap Malheureux,MU,-19.9842,57.6142,78.48,85,41,7.0,scattered clouds,2022-04-14 02:58:22
209,Shimanovsk,RU,52.0,127.7,37.98,29,5,9.51,clear sky,2022-04-14 02:58:23
210,Cortez,US,37.3489,-108.5859,34.7,28,19,14.41,few clouds,2022-04-14 02:58:23
211,Morehead,US,37.2711,-87.1764,62.35,94,100,14.97,overcast clouds,2022-04-14 02:58:24
212,Petropavlovsk-Kamchatskiy,RU,53.0452,158.6483,37.99,45,75,15.66,broken clouds,2022-04-14 02:58:24
213,Longyearbyen,SJ,78.2186,15.6401,17.44,73,75,5.75,broken clouds,2022-04-14 02:58:24
214,Port Keats,AU,-14.25,129.55,91.42,54,17,4.07,few clouds,2022-04-14 02:58:25
215,Yele,CM,10.7323,13.5891,77.45,48,86,5.12,overcast clouds,2022-04-14 02:58:25
216,Prince Albert,CA,53.2001,-105.7677,21.15,63,100,13.8,overcast clouds,2022-04-14 02:58:25
217,Magistralnyy,RU,56.1725,107.4458,37.02,61,100,10.38,overcast clouds,2022-04-14 02:58:26
218,Faya,SA,18.3851,42.4509,62.71,41,2,1.48,clear sky,2022-04-14 02:58:26
219,Camana,PE,-16.6228,-72.7111,66.7,84,32,8.25,scattered clouds,2022-04-14 02:58:27
220,Cabo San Lucas,MX,22.8909,-109.9124,74.61,53,39,10.47,scattered clouds,2022-04-14 02:55:23
221,Borzya,RU,50.3833,116.5167,42.26,27,5,11.41,clear sky,2022-04-14 02:58:27
222,Saint George,US,37.1041,-113.5841,57.94,11,8,1.01,clear sky,2022-04-14 02:58:28
223,Pinheiro Machado,BR,-31.5783,-53.3811,50.05,78,13,4.27,few clouds,2022-04-14 02:58:28
224,San Patricio,US,28.017,-97.5169,80.69,89,0,3.78,clear sky,2022-04-14 02:58:28
225,Saskylakh,RU,71.9167,114.0833,2.43,94,100,11.05,overcast clouds,2022-04-14 02:58:29
226,Venice,US,27.0998,-82.4543,77.99,88,100,0.0,mist,2022-04-14 02:57:41
227,Nerchinskiy Zavod,RU,51.3088,119.61,41.25,30,35,11.56,scattered clouds,2022-04-14 02:58:29
228,The Valley,AI,18.217,-63.0578,78.1,70,13,21.41,few clouds,2022-04-14 02:58:30
229,Elbistan,TR,38.2059,37.1983,32.7,55,0,2.28,clear sky,2022-04-14 02:58:30
230,Kuytun,RU,54.3419,101.5036,37.29,48,92,6.71,overcast clouds,2022-04-14 02:58:31
231,Havoysund,NO,70.9963,24.6622,28.63,83,74,9.57,snow,2022-04-14 02:58:31
232,Cherskiy,RU,68.75,161.3,12.67,88,100,8.81,overcast clouds,2022-04-14 02:58:31
233,Mujiayingzi,CN,42.1167,118.7833,44.02,47,70,13.15,broken clouds,2022-04-14 02:58:32
234,Najran,SA,17.4924,44.1277,68.65,36,0,4.88,clear sky,2022-04-14 02:58:32
235,Nanortalik,GL,60.1432,-45.2371,33.28,86,99,4.14,overcast clouds,2022-04-14 02:58:33
236,Canyon,US,34.9803,-101.9188,52.66,10,0,10.67,clear sky,2022-04-14 02:58:33
237,Gondar,ET,12.6,37.4667,64.17,45,84,3.58,broken clouds,2022-04-14 02:58:33
238,Alofi,NU,-19.0595,-169.9187,82.29,83,75,4.61,broken clouds,2022-04-14 02:58:34
239,Kahului,US,20.8947,-156.47,79.97,78,92,13.0,overcast clouds,2022-04-14 02:56:33
240,Sao Joao Da Barra,BR,-21.6403,-41.0511,77.41,89,100,4.12,overcast clouds,2022-04-14 02:58:34
241,Dubbo,AU,-32.25,148.6167,71.73,49,0,14.97,clear sky,2022-04-14 02:58:35
242,Bondo,CD,3.8146,23.6866,69.89,99,100,0.34,overcast clouds,2022-04-14 02:58:35
243,Saldanha,ZA,-33.0117,17.9442,60.85,88,100,21.03,overcast clouds,2022-04-14 02:58:36
244,Teya,RU,60.3778,92.6267,37.45,92,100,11.54,overcast clouds,2022-04-14 02:58:36
245,Vanimo,PG,-2.6741,141.3028,87.67,62,59,7.14,broken clouds,2022-04-14 02:58:36
246,Bubaque,GW,11.2833,-15.8333,74.79,74,75,15.05,broken clouds,2022-04-14 02:58:37
247,Mandera,KE,3.9366,41.867,80.38,68,29,10.07,light rain,2022-04-14 02:58:37
248,Larsnes,NO,62.2028,5.5773,42.44,84,8,8.37,clear sky,2022-04-14 02:58:37
249,Atlantic City,US,39.3643,-74.4229,65.17,84,100,16.31,overcast clouds,2022-04-14 02:58:38
250,Lorengau,PG,-2.0226,147.2712,86.16,69,100,10.04,overcast clouds,2022-04-14 02:58:38
251,Melilla,ES,35.2937,-2.9383,62.98,67,0,13.8,clear sky,2022-04-14 02:58:39
252,Chara,RU,56.9064,118.2631,27.39,74,100,5.1,overcast clouds,2022-04-14 02:58:39
253,Borogontsy,RU,62.6683,131.1683,30.9,83,100,8.61,overcast clouds,2022-04-14 02:58:39
254,Nantucket,US,41.2835,-70.0995,53.71,93,75,12.66,broken clouds,2022-04-14 02:58:40
255,Marienburg,PL,54.0359,19.0266,46.89,65,100,11.41,overcast clouds,2022-04-14 02:58:40
256,Yaan,NG,7.3833,8.5667,76.59,85,100,10.38,overcast clouds,2022-04-14 02:55:54
257,Riosucio,CO,5.4216,-75.7032,60.3,97,100,0.49,overcast clouds,2022-04-14 02:58:41
258,Zabol,AF,32.25,67.25,61.21,16,0,4.0,clear sky,2022-04-14 02:58:41
259,Bhikhi,IN,30.0667,75.5333,89.17,16,0,6.04,clear sky,2022-04-14 02:58:42
260,Rawson,AR,-43.3002,-65.1023,59.9,44,3,6.73,clear sky,2022-04-14 02:58:42
261,Nyuksenitsa,RU,60.4128,44.2397,32.31,85,100,7.07,overcast clouds,2022-04-14 02:58:42
262,Airai,TL,-8.9266,125.4092,73.99,63,100,1.1,overcast clouds,2022-04-14 02:58:43
263,Touros,BR,-5.1989,-35.4608,78.35,84,27,6.89,scattered clouds,2022-04-14 02:58:43
264,Slyudyanka,RU,51.6594,103.7061,37.04,66,52,1.59,broken clouds,2022-04-14 02:58:16
265,Kabo,CF,7.6994,18.629,77.88,65,99,7.09,overcast clouds,2022-04-14 02:58:44
266,Antalaha,MG,-14.9003,50.2788,73.6,87,18,6.24,few clouds,2022-04-14 02:57:16
267,Dudingen,CH,46.8492,7.1885,55.78,77,71,3.11,broken clouds,2022-04-14 02:54:36
268,Puerto Escondido,MX,15.85,-97.0667,81.7,74,87,8.16,overcast clouds,2022-04-14 02:58:44
269,Makakilo City,US,21.3469,-158.0858,80.56,56,68,17.94,broken clouds,2022-04-14 02:57:11
270,Faanui,PF,-16.4833,-151.75,81.66,73,9,15.43,light rain,2022-04-14 02:58:45
271,Uppsala,SE,60.0,17.75,38.64,81,100,8.05,overcast clouds,2022-04-14 02:58:45
272,Severo-Yeniseyskiy,RU,60.3725,93.0408,34.29,90,99,13.29,overcast clouds,2022-04-14 02:58:46
273,Hualmay,PE,-11.0964,-77.6139,66.24,85,92,9.78,overcast clouds,2022-04-14 02:58:46
274,Billings,US,45.7833,-108.5007,16.16,69,100,1.01,overcast clouds,2022-04-14 02:55:03
275,Dunnville,CA,42.9001,-79.6163,63.28,91,100,6.85,overcast clouds,2022-04-14 02:58:46
276,Itarema,BR,-2.9248,-39.9167,77.09,87,84,5.84,broken clouds,2022-04-14 02:58:47
277,Bratca,RO,46.9333,22.6167,39.27,64,12,4.63,few clouds,2022-04-14 02:58:47
278,Roswell,US,34.0232,-84.3616,70.97,80,38,9.13,scattered clouds,2022-04-14 02:58:48
279,Linxia,CN,35.6003,103.2064,44.73,65,99,4.0,overcast clouds,2022-04-14 02:58:48
280,Bathsheba,BB,13.2167,-59.5167,77.61,73,20,17.27,few clouds,2022-04-14 02:58:49
281,Chernyshevskiy,RU,63.0128,112.4714,32.04,93,100,8.9,overcast clouds,2022-04-14 02:57:07
282,Xichang,CN,27.8964,102.2634,67.32,63,100,2.46,overcast clouds,2022-04-14 02:58:49
283,Araouane,ML,18.9048,-3.5265,81.3,13,100,13.85,overcast clouds,2022-04-14 02:58:49
284,Umm Lajj,SA,25.0213,37.2685,72.09,67,99,9.01,overcast clouds,2022-04-14 02:58:50
285,Bastia,FR,42.6667,9.3333,54.3,56,0,5.75,clear sky,2022-04-14 02:58:50
286,Olafsvik,IS,64.8945,-23.7142,41.2,88,100,18.32,overcast clouds,2022-04-14 02:57:15
287,Hofn,IS,64.2539,-15.2082,41.41,90,100,9.89,overcast clouds,2022-04-14 02:58:51
288,Dryden,CA,49.7833,-92.7503,28.69,93,100,20.71,overcast clouds,2022-04-14 02:58:51
289,Pimenta Bueno,BR,-11.6725,-61.1936,73.67,96,33,2.3,scattered clouds,2022-04-14 02:58:52
290,Bagdarin,RU,54.4333,113.6,33.21,47,100,9.19,overcast clouds,2022-04-14 02:58:52
291,Praia,CV,14.9215,-23.5087,68.54,73,20,14.97,few clouds,2022-04-14 02:58:53
292,Goya,AR,-29.14,-59.2626,52.34,72,0,5.66,clear sky,2022-04-14 02:58:53
293,Yulara,AU,-25.2406,130.9889,91.24,18,34,5.75,scattered clouds,2022-04-14 02:58:53
294,Monte Alegre,BR,-2.0078,-54.0692,74.55,98,75,4.61,broken clouds,2022-04-14 02:58:54
295,Kaeo,NZ,-35.1,173.7833,73.33,57,47,2.75,scattered clouds,2022-04-14 02:58:54
296,Labytnangi,RU,66.6572,66.4183,32.99,99,100,8.52,overcast clouds,2022-04-14 02:58:55
297,Springbok,ZA,-29.6643,17.8865,55.71,71,100,1.7,overcast clouds,2022-04-14 02:58:55
298,Pisco,PE,-13.7,-76.2167,65.01,82,0,8.05,clear sky,2022-04-14 02:58:55
299,Ulaangom,MN,49.9811,92.0667,31.66,31,20,4.63,few clouds,2022-04-14 02:58:56
300,Doume,CM,4.2333,13.45,69.04,98,100,2.35,overcast clouds,2022-04-14 02:58:56
301,Dudinka,RU,69.4058,86.1778,29.62,95,100,10.83,overcast clouds,2022-04-14 02:58:57
302,Bairiki,KI,1.3292,172.9752,86.0,70,20,12.66,few clouds,2022-04-14 02:58:57
303,Iqaluit,CA,63.7506,-68.5145,-5.31,76,0,19.57,clear sky,2022-04-14 02:57:26
304,Khasan,RU,42.4308,130.6434,43.74,65,94,8.01,overcast clouds,2022-04-14 02:58:58
305,Kargil,IN,34.5667,76.1,33.31,68,71,2.66,broken clouds,2022-04-14 02:58:58
306,Sitka,US,57.0531,-135.33,38.39,40,0,2.55,clear sky,2022-04-14 02:58:58
307,Zhifang,CN,30.35,114.3167,60.78,69,82,6.33,moderate rain,2022-04-14 02:58:59
308,Zelenoborsk,RU,61.4669,64.0333,34.79,99,100,4.72,light snow,2022-04-14 02:58:59
309,Harper,LR,4.375,-7.7169,76.96,86,100,6.42,overcast clouds,2022-04-14 02:59:00
310,Carnarvon,AU,-24.8667,113.6333,80.67,39,0,18.41,clear sky,2022-04-14 02:59:00
311,Northam,GB,51.0333,-4.2167,48.61,96,38,5.12,scattered clouds,2022-04-14 02:59:00
312,Aykhal,RU,66.0,111.5,24.6,88,92,20.83,overcast clouds,2022-04-14 02:59:01
313,Santa Rosa,PH,14.3122,121.1114,90.1,57,73,5.95,broken clouds,2022-04-14 02:56:22
314,Alekseyevsk,RU,57.8406,108.3492,32.92,92,100,16.22,snow,2022-04-14 02:59:01
315,Vila Velha,BR,-20.3297,-40.2925,80.55,90,0,5.75,clear sky,2022-04-14 02:55:15
316,Mandalgovi,MN,45.7625,106.2708,32.61,32,100,19.13,overcast clouds,2022-04-14 02:59:02
317,Ternate,ID,0.8,127.4,84.99,66,90,3.33,overcast clouds,2022-04-14 02:59:03
318,Marau,BR,-28.4492,-52.2,57.72,97,64,3.22,broken clouds,2022-04-14 02:59:03
319,Nacogdoches,US,31.6002,-94.6335,60.57,73,0,9.35,clear sky,2022-04-14 02:59:04
320,Gerash,IR,27.6652,54.1371,64.54,24,44,3.42,scattered clouds,2022-04-14 02:59:04
321,Santa Isabel Do Rio Negro,BR,-0.4139,-65.0192,75.9,90,99,2.86,overcast clouds,2022-04-14 02:59:05
322,Naze,JP,28.3667,129.4833,70.72,83,95,5.19,overcast clouds,2022-04-14 02:59:05
323,Nara,JP,34.6851,135.8049,79.97,45,100,3.38,overcast clouds,2022-04-14 02:59:05
324,Goundam,ML,16.4145,-3.6708,82.58,9,98,6.35,overcast clouds,2022-04-14 02:59:06
325,Sao Jose Da Coroa Grande,BR,-8.8978,-35.1478,77.77,78,18,5.46,few clouds,2022-04-14 02:59:06
326,Moctezuma,MX,29.8,-109.6667,66.61,12,35,4.76,scattered clouds,2022-04-14 02:59:07
327,Muriwai Beach,NZ,-36.8167,174.45,67.95,58,0,13.31,clear sky,2022-04-14 02:59:08
328,Medicine Hat,CA,50.0501,-110.6683,22.19,64,100,6.91,overcast clouds,2022-04-14 02:59:08
329,Barsi,IN,18.2333,75.7,91.74,26,100,6.42,overcast clouds,2022-04-14 02:59:09
330,Luanda,AO,-8.8368,13.2343,77.0,88,40,2.3,scattered clouds,2022-04-14 02:54:18
331,Davila,PH,18.4726,120.5763,84.18,67,100,6.4,overcast clouds,2022-04-14 02:59:09
332,Coahuayana,MX,18.7333,-103.6833,72.21,90,88,0.89,overcast clouds,2022-04-14 02:59:10
333,Barcelos,PT,41.5388,-8.6151,53.92,92,100,2.89,overcast clouds,2022-04-14 02:54:20
334,Chegdomyn,RU,51.1167,133.0167,29.8,76,100,3.0,overcast clouds,2022-04-14 02:59:10
335,Waipawa,NZ,-41.4122,175.5153,55.2,56,0,6.73,clear sky,2022-04-14 02:59:11
336,Kutum,SD,14.2,24.6667,69.93,15,16,8.59,few clouds,2022-04-14 02:59:11
337,Carbonia,IT,39.1672,8.5222,56.05,67,100,10.58,overcast clouds,2022-04-14 02:59:12
338,Hue,VN,16.4667,107.6,84.31,70,20,3.44,few clouds,2022-04-14 02:59:12
339,Tocopilla,CL,-22.092,-70.1979,63.95,70,8,5.66,clear sky,2022-04-14 02:59:13
340,Kamphaeng Phet,TH,16.25,99.5,94.69,36,26,4.25,scattered clouds,2022-04-14 02:59:13
341,Frontignan,FR,43.4485,3.754,48.34,59,73,5.55,broken clouds,2022-04-14 02:59:13
342,Pangnirtung,CA,66.1451,-65.7125,-8.68,94,86,5.55,overcast clouds,2022-04-14 02:59:14
343,Culaman,PH,5.9603,125.6586,84.97,65,91,4.05,overcast clouds,2022-04-14 02:59:14
344,Cervo,ES,43.6702,-7.4101,51.98,87,100,4.21,overcast clouds,2022-04-14 02:59:15
345,Makasar,ID,-5.14,119.4221,89.65,66,20,3.44,few clouds,2022-04-14 02:59:15
346,Tatawin,TN,32.9297,10.4518,62.91,45,100,2.82,overcast clouds,2022-04-14 02:59:15
347,Whitianga,NZ,-36.8333,175.7,65.23,58,64,6.06,broken clouds,2022-04-14 02:59:16
348,Bage,BR,-31.3314,-54.1069,49.78,76,0,3.44,clear sky,2022-04-14 02:55:56
349,Cap-Aux-Meules,CA,47.3821,-61.8597,30.25,100,100,4.61,fog,2022-04-14 02:59:16
350,Sambava,MG,-14.2667,50.1667,74.08,86,15,9.28,few clouds,2022-04-14 02:59:17
351,Krasnoborsk,RU,61.5598,45.934,32.56,88,100,7.38,overcast clouds,2022-04-14 02:59:17
352,North Shore,NZ,-36.8,174.75,68.99,60,8,14.0,clear sky,2022-04-14 02:59:18
353,San Ramon De La Nueva Oran,AR,-23.1322,-64.326,65.43,96,100,1.79,overcast clouds,2022-04-14 02:59:18
354,Visnes,NO,59.3556,5.2242,44.22,93,75,5.75,light rain,2022-04-14 02:59:19
355,Henties Bay,NA,-22.116,14.2845,58.01,91,37,9.31,scattered clouds,2022-04-14 02:59:19
356,Maldonado,UY,-34.6667,-54.9167,49.39,68,0,2.98,clear sky,2022-04-14 02:57:26
357,Saravena,CO,6.9538,-71.8752,75.15,66,100,4.45,overcast clouds,2022-04-14 02:59:20
358,Celestun,MX,20.8667,-90.4,86.0,56,100,19.46,overcast clouds,2022-04-14 02:59:20
359,Varzea Da Palma,BR,-17.5981,-44.7308,71.38,87,42,1.07,scattered clouds,2022-04-14 02:59:20
360,Mogadishu,SO,2.0371,45.3438,81.81,77,73,8.61,broken clouds,2022-04-14 02:59:21
361,Dingle,PH,10.9995,122.6711,85.51,66,84,3.53,broken clouds,2022-04-14 02:59:21
362,Asfi,MA,32.2994,-9.2372,56.16,86,6,17.22,clear sky,2022-04-14 02:59:21
363,Rafai,CF,4.95,23.9167,69.35,95,100,0.87,overcast clouds,2022-04-14 02:59:22
364,Grants Pass,US,42.439,-123.3284,43.18,91,75,1.01,broken clouds,2022-04-14 02:55:08
365,Gaya,IN,24.7833,85.0,80.51,78,73,4.61,mist,2022-04-14 02:59:22
366,Cidreira,BR,-30.1811,-50.2056,67.17,76,100,8.41,overcast clouds,2022-04-14 02:59:23
367,Ambilobe,MG,-13.2,49.05,69.89,91,14,3.27,few clouds,2022-04-14 02:59:23
368,Marzuq,YE,14.4,46.4667,69.98,19,0,5.64,clear sky,2022-04-14 02:59:24
369,Quatre Cocos,MU,-20.2078,57.7625,78.1,83,75,18.75,light rain,2022-04-14 02:55:08
370,Mombetsu,JP,44.3525,143.3525,41.02,75,40,9.22,scattered clouds,2022-04-14 02:59:24
371,Robertsport,LR,6.7533,-11.3686,78.55,87,100,11.14,overcast clouds,2022-04-14 02:59:24
372,Aswan,EG,24.0934,32.907,67.3,27,0,9.22,clear sky,2022-04-14 02:56:46
373,La Rochelle,FR,46.1667,-1.15,50.88,100,44,5.75,scattered clouds,2022-04-14 02:59:25
374,Athabasca,CA,54.7169,-113.2854,21.61,71,100,8.79,overcast clouds,2022-04-14 02:59:25
375,Upata,VE,8.0086,-62.3989,73.0,76,10,8.81,clear sky,2022-04-14 02:59:26
376,Victoria,HK,22.2855,114.1577,83.03,69,0,8.99,clear sky,2022-04-14 02:56:14
377,Kangaatsiaq,GL,68.3065,-53.4641,-2.96,99,100,8.93,overcast clouds,2022-04-14 02:59:26
378,Abnub,EG,27.2696,31.1511,57.42,50,0,10.51,clear sky,2022-04-14 02:59:27
379,Laguna,US,38.421,-121.4238,57.06,56,100,12.66,overcast clouds,2022-04-14 02:59:27
380,Karpogory,RU,64.0019,44.4451,25.84,93,83,8.28,broken clouds,2022-04-14 02:59:28
381,Ilheus,BR,-14.7889,-39.0494,74.19,88,9,3.47,clear sky,2022-04-14 02:59:28
382,Arona,ES,28.0996,-16.681,59.13,67,75,14.97,broken clouds,2022-04-14 02:59:28
383,Margate,GB,51.3813,1.3862,50.7,86,1,1.99,clear sky,2022-04-14 02:59:29
384,Vozhega,RU,60.4725,40.2213,27.21,95,72,3.11,broken clouds,2022-04-14 02:59:29
385,Nishihara,JP,26.1842,127.7558,78.46,73,75,8.05,broken clouds,2022-04-14 02:59:29
386,Likasi,CD,-10.9814,26.7333,59.76,97,70,3.29,broken clouds,2022-04-14 02:59:30
387,Chisinau,MD,47.0056,28.8575,49.93,56,0,15.01,clear sky,2022-04-14 02:59:30
388,Sao Gabriel Da Cachoeira,BR,-0.1303,-67.0892,75.04,95,99,1.68,overcast clouds,2022-04-14 02:59:31
389,Andenes,NO,69.3143,16.1194,33.78,93,75,10.36,broken clouds,2022-04-14 02:59:31
390,La Romana,DO,18.4273,-68.9728,77.36,78,20,8.05,few clouds,2022-04-14 02:59:32
391,Chicama,PE,-7.8447,-79.1469,63.14,80,99,6.8,overcast clouds,2022-04-14 02:59:32
392,Aklavik,CA,68.2191,-135.0107,3.81,89,1,6.4,clear sky,2022-04-14 02:59:32
393,Loudi,CN,27.7344,111.9944,65.25,69,99,5.17,overcast clouds,2022-04-14 02:59:33
394,Ketchikan,US,55.3422,-131.6461,37.22,42,47,3.4,scattered clouds,2022-04-14 02:59:33
395,Taoudenni,ML,22.6783,-3.9836,77.36,18,0,9.31,clear sky,2022-04-14 02:59:33
396,Smidovich,RU,48.6,133.8167,42.8,46,95,16.44,overcast clouds,2022-04-14 02:59:34
397,Klaksvik,FO,62.2266,-6.589,41.92,86,58,17.49,broken clouds,2022-04-14 02:59:34
398,Banda Aceh,ID,5.5577,95.3222,85.32,69,100,7.34,overcast clouds,2022-04-14 02:59:35
399,Chuy,UY,-33.6971,-53.4616,52.11,80,2,7.38,clear sky,2022-04-14 02:59:35
400,Nizamabad,IN,18.6667,78.1167,91.92,29,72,10.4,broken clouds,2022-04-14 02:59:36
401,Rincon,US,32.296,-81.2354,71.85,74,96,10.45,overcast clouds,2022-04-14 02:59:36
402,Nusaybin,TR,37.0778,41.2178,47.79,27,0,6.76,clear sky,2022-04-14 02:59:36
403,Mahibadhoo,MV,3.7833,72.9667,84.16,73,100,9.75,overcast clouds,2022-04-14 02:59:37
404,Nome,US,64.5011,-165.4064,35.17,79,93,7.07,overcast clouds,2022-04-14 02:59:37
405,Diamantina,BR,-18.2494,-43.6003,66.29,81,54,2.95,broken clouds,2022-04-14 02:59:38
406,Clifton Springs,AU,-38.15,144.5667,79.77,60,77,12.66,broken clouds,2022-04-14 02:59:38
407,Chaman,PK,30.9236,66.4512,70.39,12,0,8.01,clear sky,2022-04-14 02:59:38
408,Alice Springs,AU,-23.7,133.8833,92.75,17,1,8.05,clear sky,2022-04-14 02:55:57
409,Wonthaggi,AU,-38.6044,145.5913,70.83,53,100,9.66,overcast clouds,2022-04-14 02:59:39
410,Vardo,NO,70.3705,31.1107,29.89,82,82,6.51,broken clouds,2022-04-14 02:59:39
411,Andra,RU,62.5147,65.8878,34.02,100,100,8.23,overcast clouds,2022-04-14 02:59:40
412,Boysun,UZ,38.2061,67.1986,65.37,33,0,3.09,clear sky,2022-04-14 02:59:40
413,Vissenbjerg,DK,55.3848,10.1378,44.49,96,100,7.18,overcast clouds,2022-04-14 02:59:40
414,Yarmouth,US,41.7057,-70.2286,55.96,93,100,11.5,mist,2022-04-14 02:59:41
415,Xiaoweizhai,CN,26.1903,107.5125,67.14,73,80,4.34,broken clouds,2022-04-14 02:59:41
416,Prince Rupert,CA,54.3161,-130.3201,42.89,28,0,16.11,clear sky,2022-04-14 02:59:42
417,Bocas Del Toro,PA,9.3333,-82.25,80.31,78,46,5.57,scattered clouds,2022-04-14 02:58:19
418,Aripuana,BR,-9.1667,-60.6333,74.23,96,89,0.83,overcast clouds,2022-04-14 02:59:42
419,Sembe,CG,1.6481,14.5806,69.33,98,100,2.8,overcast clouds,2022-04-14 02:59:43
420,Soc Trang,VN,9.6033,105.98,89.94,55,91,6.49,overcast clouds,2022-04-14 02:59:43
421,Turukhansk,RU,65.8167,87.9833,32.31,100,100,6.78,snow,2022-04-14 02:59:44
422,Vao,NC,-22.6667,167.4833,76.5,70,15,6.82,few clouds,2022-04-14 02:59:44
423,Talnakh,RU,69.4865,88.3972,29.21,95,100,8.25,light snow,2022-04-14 02:59:44
424,Rajgarh,IN,28.6333,75.3833,89.58,17,0,5.66,clear sky,2022-04-14 02:59:45
425,Greenwood,US,34.1668,-82.1165,64.02,58,33,6.58,scattered clouds,2022-04-14 02:59:45
426,Coihaique,CL,-45.5752,-72.0662,48.81,76,0,2.3,clear sky,2022-04-14 02:56:17
427,Sioux Lookout,CA,50.1001,-91.917,28.47,93,100,8.05,overcast clouds,2022-04-14 02:58:49
428,Agadez,NE,19.75,10.25,80.69,9,70,11.7,broken clouds,2022-04-14 02:59:46
429,Vrangel,RU,42.7297,133.0839,42.96,63,99,6.2,overcast clouds,2022-04-14 02:59:46
430,Indianola,US,41.3581,-93.5574,38.91,52,12,8.14,few clouds,2022-04-14 02:59:47
431,Rio Verde De Mato Grosso,BR,-18.9181,-54.8442,71.47,87,100,5.19,light rain,2022-04-14 02:59:47
432,Gritsovskiy,RU,54.1376,38.1604,36.57,89,100,15.32,overcast clouds,2022-04-14 02:59:47
433,Illapel,CL,-31.6308,-71.1653,65.12,49,0,1.16,clear sky,2022-04-14 02:59:48
434,Piacabucu,BR,-10.4056,-36.4344,77.23,87,6,8.28,clear sky,2022-04-14 02:55:07
435,Sindor,RU,62.8629,51.8905,32.2,91,100,10.16,light snow,2022-04-14 02:59:48
436,Fillmore,US,43.6666,-92.1002,37.35,80,0,12.66,clear sky,2022-04-14 02:58:27
437,Jackson,US,42.4165,-122.8345,41.72,92,100,1.99,overcast clouds,2022-04-14 02:57:57
438,Prado,BR,-17.3411,-39.2208,76.39,89,36,7.14,scattered clouds,2022-04-14 02:58:41
439,Manadhoo,MV,5.7667,73.3833,83.93,72,88,8.59,light rain,2022-04-14 02:59:49
440,Hambantota,LK,6.1241,81.1185,80.94,100,20,2.3,few clouds,2022-04-14 02:59:49
441,Matara,LK,5.9485,80.5353,82.71,77,84,4.41,broken clouds,2022-04-14 02:59:50
442,Pacifica,US,37.6138,-122.4869,54.23,75,100,8.99,overcast clouds,2022-04-14 02:59:50
443,Nicoya,CR,10.1483,-85.452,81.63,67,83,7.0,broken clouds,2022-04-14 02:59:51
444,Varkaus,FI,62.3153,27.873,31.3,86,100,3.06,overcast clouds,2022-04-14 02:59:51
445,Tra Vinh,VN,9.9347,106.3453,91.24,51,74,5.55,broken clouds,2022-04-14 02:59:51
446,Takhtamygda,RU,54.1,123.5667,40.24,29,100,7.0,overcast clouds,2022-04-14 02:59:52
447,Santander,ES,43.4647,-3.8044,53.31,93,75,1.01,broken clouds,2022-04-14 02:59:52
448,Phetchabun,TH,16.25,101.0833,84.47,42,38,7.11,scattered clouds,2022-04-14 02:59:53
449,Da Nang,VN,16.0678,108.2208,84.18,70,20,4.61,few clouds,2022-04-14 02:59:53
450,Santa Fe,AR,-31.6333,-60.7,58.01,82,0,2.64,light rain,2022-04-14 02:56:34
451,San Juan,AR,-31.5375,-68.5364,66.36,43,11,9.46,few clouds,2022-04-14 02:59:53
452,Manaure,CO,11.7751,-72.4445,78.87,75,11,17.11,few clouds,2022-04-14 02:59:54
453,Gelnica,SK,48.8558,20.9371,39.49,65,0,1.68,clear sky,2022-04-14 02:57:19
454,Dzhalka,RU,43.3186,45.9879,40.08,91,100,7.23,overcast clouds,2022-04-14 02:59:54
455,Derzhavinsk,KZ,51.1,66.3167,52.52,56,12,6.96,few clouds,2022-04-14 02:59:55
456,Shanhetun,CN,44.7,127.2,54.48,23,55,12.15,broken clouds,2022-04-14 02:59:55
457,Agropoli,IT,40.3469,14.9966,58.44,59,99,4.43,overcast clouds,2022-04-14 02:59:56
458,Paamiut,GL,61.994,-49.6678,26.96,89,100,21.12,overcast clouds,2022-04-14 02:59:56
459,Las Cruces,US,32.3123,-106.7783,63.61,4,0,19.57,clear sky,2022-04-14 02:59:56
460,Daokou,CN,35.5639,114.5058,58.6,49,100,15.52,light rain,2022-04-14 02:59:57
461,Plettenberg Bay,ZA,-34.0527,23.3716,63.05,91,100,8.01,overcast clouds,2022-04-14 02:59:57
462,Maltahohe,NA,-24.8333,16.9833,61.61,26,0,3.44,clear sky,2022-04-14 02:59:58
463,Santa Cruz,BO,-17.8,-63.1667,69.26,100,75,11.5,broken clouds,2022-04-14 02:54:58
464,Kabanjahe,ID,3.1001,98.4908,75.6,64,100,1.28,overcast clouds,2022-04-14 02:59:58
465,Samana,DO,19.2056,-69.3369,75.96,77,6,11.45,clear sky,2022-04-14 02:59:59
466,Japura,ID,-0.3167,102.35,82.18,82,97,2.95,overcast clouds,2022-04-14 02:59:59
467,Lima,PE,-12.0432,-77.0282,62.85,82,0,5.75,clear sky,2022-04-14 02:59:59
468,Richards Bay,ZA,-28.783,32.0377,67.8,82,2,6.31,clear sky,2022-04-14 03:00:00
469,Peleduy,RU,59.6289,112.7406,33.58,95,100,14.36,snow,2022-04-14 03:00:00
470,Caxito,AO,-8.5785,13.6643,73.47,96,100,2.44,overcast clouds,2022-04-14 03:00:02
471,Abu Kamal,SY,34.4506,40.9171,53.1,23,56,4.76,broken clouds,2022-04-14 03:00:04
472,Kundla,IN,21.3333,71.3,86.16,32,0,10.02,clear sky,2022-04-14 03:00:05
473,Sakakah,SA,29.9697,40.2064,62.24,30,37,15.82,scattered clouds,2022-04-14 03:00:09
474,Caborca,MX,30.5838,-111.101,63.32,7,18,7.74,few clouds,2022-04-14 03:00:12
475,Mayor Pablo Lagerenza,PY,-19.9309,-60.7718,70.92,86,82,5.84,broken clouds,2022-04-14 03:00:13
476,Bolshoye Nagatkino,RU,54.5196,47.9679,40.26,93,100,10.07,overcast clouds,2022-04-14 03:00:14
477,Santa Barbara,US,34.7333,-120.0343,54.82,62,0,9.22,clear sky,2022-04-14 02:57:53
478,Barra Patuca,HN,15.8,-84.2833,79.21,78,2,11.41,clear sky,2022-04-14 03:00:23
479,Hasaki,JP,35.7333,140.8333,52.2,85,100,26.71,overcast clouds,2022-04-14 03:00:24
480,Yavatmal,IN,20.4,78.1333,92.91,27,100,8.55,overcast clouds,2022-04-14 03:00:24
481,Bafq,IR,31.6128,55.4107,73.54,22,21,4.07,few clouds,2022-04-14 03:00:25
482,Jiaocheng,CN,24.6774,116.1389,77.43,51,51,4.18,broken clouds,2022-04-14 03:00:25
483,Lagoa,PT,39.05,-27.9833,58.33,61,0,17.38,clear sky,2022-04-14 03:00:26
484,Wundanyi,KE,-3.4019,38.364,61.83,86,67,3.71,broken clouds,2022-04-14 03:00:26
485,Camacha,PT,33.0833,-16.3333,58.42,77,40,8.05,scattered clouds,2022-04-14 03:00:30
486,Kabwe,ZM,-14.4469,28.4464,61.03,97,65,4.16,broken clouds,2022-04-14 03:00:31
487,Pucallpa,PE,-8.3791,-74.5539,72.54,91,97,2.19,overcast clouds,2022-04-14 03:00:31
488,Boksitogorsk,RU,59.474,33.8485,26.37,98,60,1.25,broken clouds,2022-04-14 03:00:32
489,Raudeberg,NO,61.9875,5.1352,38.86,85,7,9.66,clear sky,2022-04-14 03:00:33
490,Qandala,SO,11.472,49.8728,84.38,37,0,9.84,clear sky,2022-04-14 03:00:33
491,Penzance,GB,50.1186,-5.5371,51.31,90,86,5.46,overcast clouds,2022-04-14 03:00:34
492,Mogwase,ZA,-25.185,27.2665,58.77,61,75,2.57,broken clouds,2022-04-14 03:00:34
493,Havre-Saint-Pierre,CA,50.2334,-63.5986,32.18,97,90,4.65,overcast clouds,2022-04-14 03:00:35
494,Bintulu,MY,3.1667,113.0333,85.66,68,23,2.01,few clouds,2022-04-14 03:00:35
495,Tual,ID,-5.6667,132.75,83.89,71,19,2.95,few clouds,2022-04-14 03:00:36
496,Kushalnagar,IN,12.458,75.959,72.18,76,100,2.08,overcast clouds,2022-04-14 03:00:36
497,Souillac,MU,-20.5167,57.5167,77.5,85,86,18.16,overcast clouds,2022-04-14 03:00:36
498,Mitsamiouli,KM,-11.3847,43.2844,81.57,75,82,10.02,broken clouds,2022-04-14 03:00:37
499,Kismayo,SO,-0.3582,42.5454,81.45,80,31,8.61,scattered clouds,2022-04-14 03:00:37
500,Baherden,TM,38.4362,57.4316,69.66,43,88,10.49,overcast clouds,2022-04-14 03:00:38
501,Eureka,US,40.8021,-124.1637,47.35,80,100,10.0,overcast clouds,2022-04-14 03:00:27
502,Currais Novos,BR,-6.2608,-36.5178,71.26,92,72,4.65,light rain,2022-04-14 03:00:38
503,Krasnoselkup,RU,65.7,82.4667,33.1,100,100,5.28,overcast clouds,2022-04-14 03:00:39
504,Ahipara,NZ,-35.1667,173.1667,66.58,53,80,11.95,broken clouds,2022-04-14 03:00:39
505,Flin Flon,CA,54.7682,-101.865,21.99,85,100,14.92,overcast clouds,2022-04-14 03:00:40
506,Namie,JP,37.4833,141.0,50.72,91,100,13.29,moderate rain,2022-04-14 03:00:40
507,Moerai,PF,-22.4333,-151.3333,80.98,76,100,17.11,overcast clouds,2022-04-14 03:00:41
508,Cayenne,GF,4.9333,-52.3333,81.09,1,100,9.22,overcast clouds,2022-04-14 03:00:41
509,Pokoynoye,RU,44.8097,44.2517,43.05,70,100,8.32,overcast clouds,2022-04-14 03:00:41
510,Dutlwe,BW,-23.9833,23.9,63.73,45,43,5.14,scattered clouds,2022-04-14 03:00:42
511,Toledo,ES,39.8333,-4.0,52.32,81,69,7.2,broken clouds,2022-04-14 02:59:27
512,Manokwari,ID,-0.8667,134.0833,83.35,71,100,7.4,overcast clouds,2022-04-14 03:00:42
513,La Ronge,CA,55.1001,-105.2842,23.25,58,75,11.5,broken clouds,2022-04-14 02:58:42
514,Makinsk,KZ,52.6292,70.4169,47.25,56,0,8.63,clear sky,2022-04-14 03:00:43
515,Saint Pete Beach,US,27.7253,-82.7412,75.15,70,0,6.91,clear sky,2022-04-14 03:00:44
516,Mount Isa,AU,-20.7333,139.5,92.97,20,6,11.5,clear sky,2022-04-14 03:00:44
517,Ugoofaaru,MV,5.6667,73.0,84.4,72,82,10.71,heavy intensity rain,2022-04-14 03:00:44
518,Labuhan,ID,-6.8844,112.2051,84.72,70,13,3.89,few clouds,2022-04-14 03:00:45
519,Bo Phloi,TH,14.3236,99.5161,94.32,31,62,7.2,broken clouds,2022-04-14 03:00:25
520,Kruisfontein,ZA,-34.0033,24.7314,56.88,85,66,8.97,broken clouds,2022-04-14 03:00:45
521,Maragogi,BR,-9.0122,-35.2225,76.98,81,15,5.19,few clouds,2022-04-14 03:00:46
522,Limbang,MY,4.75,115.0,87.91,55,94,3.38,overcast clouds,2022-04-14 03:00:46
523,Lupiro,TZ,-8.3833,36.6667,69.24,97,100,1.19,overcast clouds,2022-04-14 03:00:47
524,Vilani,LV,56.5525,26.9245,36.23,72,98,4.0,overcast clouds,2022-04-14 03:00:47
525,Kidal,ML,18.4411,1.4078,82.38,6,26,10.11,scattered clouds,2022-04-14 03:00:47
526,Wenzhou,CN,27.9994,120.6668,74.23,54,9,10.6,clear sky,2022-04-14 03:00:48
527,Emirdag,TR,39.0197,31.15,32.94,61,3,2.04,clear sky,2022-04-14 03:00:48
528,Iralaya,HN,15.0,-83.2333,78.71,81,4,11.05,clear sky,2022-04-14 03:00:49
529,Maniitsoq,GL,65.4167,-52.9,18.59,81,9,11.27,clear sky,2022-04-14 03:00:49
530,Gambela,ET,8.25,34.5833,77.86,66,87,4.85,overcast clouds,2022-04-14 03:00:50
531,Anupgarh,IN,29.1911,73.2086,88.84,18,10,3.24,clear sky,2022-04-14 03:00:50
532,Taquaritinga Do Norte,BR,-7.9031,-36.0442,64.74,95,70,2.3,broken clouds,2022-04-14 03:00:51
533,Marsh Harbour,BS,26.5412,-77.0636,74.88,74,100,18.88,overcast clouds,2022-04-14 03:00:04
534,Ligayan,PH,4.6533,119.4706,82.02,72,94,0.74,overcast clouds,2022-04-14 03:00:51
535,Kassala,SD,15.451,36.4,83.05,41,9,11.63,clear sky,2022-04-14 03:00:52
536,Oyama,JP,36.3,139.8,58.59,65,100,8.84,light rain,2022-04-14 03:00:52
537,Sept-Iles,CA,50.2001,-66.3821,34.32,80,75,4.61,broken clouds,2022-04-14 02:57:19
538,Maloy,NO,61.9353,5.1136,39.72,85,9,8.97,clear sky,2022-04-14 03:00:53
539,Bend,US,44.0582,-121.3153,36.68,68,40,10.36,scattered clouds,2022-04-14 02:57:15
540,Burnie,AU,-41.0667,145.9167,66.92,64,100,9.51,overcast clouds,2022-04-14 03:00:53
541,Teahupoo,PF,-17.8333,-149.2667,78.76,73,40,20.58,scattered clouds,2022-04-14 03:00:54
542,Sande,DE,53.5049,8.0142,51.03,93,100,6.87,overcast clouds,2022-04-14 03:00:54
543,Ponta Do Sol,PT,32.6667,-17.1,63.01,82,55,1.9,broken clouds,2022-04-14 03:00:55
544,At-Bashi,KG,41.1702,75.8106,50.36,48,91,4.97,overcast clouds,2022-04-14 03:00:55
545,Orumiyeh,IR,37.5527,45.0761,39.65,65,2,2.44,clear sky,2022-04-14 03:00:56
546,Mount Gambier,AU,-37.8333,140.7667,72.7,29,100,6.98,overcast clouds,2022-04-14 03:00:56
547,Kollam,IN,8.8833,76.6,78.31,86,100,3.76,moderate rain,2022-04-14 03:00:57
548,Waddan,LY,29.1614,16.139,69.31,18,36,24.52,scattered clouds,2022-04-14 03:00:57
549,Dhidhdhoo,MV,6.8833,73.1,82.94,71,100,4.41,overcast clouds,2022-04-14 02:59:53
550,Safaga,EG,26.7292,33.9365,66.31,45,2,16.96,clear sky,2022-04-14 03:00:58
551,Tukrah,LY,32.5341,20.5791,61.86,46,100,18.12,overcast clouds,2022-04-14 03:00:58
552,Zhanakorgan,KZ,43.9098,67.2495,69.93,36,7,5.23,clear sky,2022-04-14 03:00:59
553,Boa Vista,BR,2.8197,-60.6733,80.58,74,0,13.8,clear sky,2022-04-14 03:00:59
554,Lodja,CD,-3.4833,23.4333,68.38,99,100,1.74,light rain,2022-04-14 03:01:00
555,Ormara,PK,25.2088,64.6357,79.56,77,0,3.74,clear sky,2022-04-14 02:58:58
556,Lukiv,UA,51.0521,25.4006,38.25,78,11,0.76,few clouds,2022-04-14 02:59:59
557,Lodingen,NO,68.414,15.9951,32.38,84,91,1.21,overcast clouds,2022-04-14 03:01:01
558,Sao Felix Do Xingu,BR,-6.6447,-51.995,72.09,98,51,0.54,broken clouds,2022-04-14 03:01:01
559,Pacific Grove,US,36.6177,-121.9166,54.01,77,21,3.0,few clouds,2022-04-14 03:01:02
560,Gazli,UZ,40.1333,63.45,70.63,39,6,13.78,clear sky,2022-04-14 03:01:03
561,Umm Kaddadah,SD,13.6017,26.6876,75.92,13,28,16.33,scattered clouds,2022-04-14 03:01:03
562,Bahia Honda,CU,22.9036,-83.1592,74.61,86,1,4.9,clear sky,2022-04-14 03:01:04
563,Salalah,OM,17.0151,54.0924,79.54,71,3,2.93,clear sky,2022-04-14 03:01:04
564,Kovdor,RU,67.5662,30.4758,27.88,98,100,2.3,light snow,2022-04-14 03:01:05
565,Atambua,ID,-9.1061,124.8925,83.75,63,98,3.33,overcast clouds,2022-04-14 03:01:05
566,Mnogovershinnyy,RU,53.9353,139.9242,26.89,69,5,5.93,clear sky,2022-04-14 03:01:06
567,Russell,US,32.3502,-85.1999,69.96,80,20,5.75,light intensity drizzle,2022-04-14 03:00:23
568,Fuling,CN,29.7022,107.3919,63.73,91,100,2.42,overcast clouds,2022-04-14 03:01:07
569,Cao Bang,VN,22.6667,106.25,85.14,53,26,5.5,scattered clouds,2022-04-14 03:01:09
570,Severnyy,RU,50.677,36.5532,44.64,87,100,13.42,overcast clouds,2022-04-14 03:01:09
571,Catuday,PH,16.2923,119.8062,82.71,67,15,9.57,few clouds,2022-04-14 03:01:10
572,Paducah,US,37.0834,-88.6001,57.33,89,100,11.5,overcast clouds,2022-04-14 03:01:11
573,Lebanon,US,36.2081,-86.2911,61.56,98,100,8.05,mist,2022-04-14 03:00:23
574,Susanville,US,40.4163,-120.653,39.67,57,90,5.01,overcast clouds,2022-04-14 02:56:35
575,Hokitika,NZ,-42.7167,170.9667,60.37,60,2,4.18,clear sky,2022-04-14 03:01:12
576,Arlit,NE,18.7369,7.3853,82.45,10,33,4.45,scattered clouds,2022-04-14 03:01:12
577,Baykit,RU,61.67,96.37,37.11,84,100,13.56,overcast clouds,2022-04-14 03:01:12
578,Winchester,GB,51.0651,-1.3187,48.47,91,52,1.92,broken clouds,2022-04-14 03:00:22
579,Muyuka,CM,4.2898,9.4103,75.15,98,100,1.81,moderate rain,2022-04-14 03:01:14
580,Tambo,PE,-14.8,-73.9167,37.42,44,0,5.26,clear sky,2022-04-14 03:01:14
581,Hay River,CA,60.8156,-115.7999,6.87,93,52,4.88,broken clouds,2022-04-14 03:01:15
582,Vila Franca Do Campo,PT,37.7167,-25.4333,55.81,82,19,6.62,few clouds,2022-04-14 03:01:15
583,Nouakchott,MR,18.0858,-15.9785,69.73,77,0,15.5,clear sky,2022-04-14 03:01:16
584,Komsomolskiy,UZ,40.4272,71.7189,68.72,45,6,4.61,clear sky,2022-04-14 03:01:16
585,Ballarat,AU,-37.5662,143.8496,70.48,36,78,7.7,broken clouds,2022-04-14 03:01:17
586,Camargo,MX,27.6667,-105.1667,70.81,13,3,8.79,clear sky,2022-04-14 03:01:17
587,Awjilah,LY,29.1081,21.2869,63.28,28,80,13.62,broken clouds,2022-04-14 03:01:17
588,Krasnoyarsk,RU,56.0097,92.7917,39.65,45,25,3.27,scattered clouds,2022-04-14 03:00:25
589,Gillette,US,44.2911,-105.5022,14.04,82,100,14.0,overcast clouds,2022-04-14 02:58:01
590,Tromso,NO,69.6496,18.957,33.82,86,75,6.91,light snow,2022-04-14 02:56:31
591,Thunder Bay,CA,48.4001,-89.3168,35.58,93,100,17.27,mist,2022-04-14 02:57:08
592,Puerto Leguizamo,CO,-0.1934,-74.7819,71.64,99,100,2.73,overcast clouds,2022-04-14 03:01:18
593,Srandakan,ID,-7.9386,110.2506,86.05,64,5,4.43,clear sky,2022-04-14 03:01:19
594,Dano,BF,11.15,-3.0667,83.03,52,98,9.42,overcast clouds,2022-04-14 03:01:19
595,Shitanjing,CN,39.2342,106.3439,48.87,23,100,11.97,overcast clouds,2022-04-14 03:01:19
596,Ust-Ishim,RU,57.6935,71.1665,43.29,82,70,9.53,broken clouds,2022-04-14 03:01:20
597,Rochegda,RU,62.8,43.25,27.86,96,94,5.84,overcast clouds,2022-04-14 03:01:20
598,Namatanai,PG,-3.6667,152.4333,85.91,62,92,8.25,overcast clouds,2022-04-14 03:00:54
599,Roald,NO,62.5833,6.1333,42.75,87,20,12.66,few clouds,2022-04-14 03:01:17
600,Lufilufi,WS,-13.8745,-171.5986,82.83,72,9,11.56,light rain,2022-04-14 03:01:21
601,Mansa,IN,29.9833,75.3833,89.29,17,0,5.48,clear sky,2022-04-14 03:01:21
602,Zell Am See,AT,47.3256,12.7944,46.71,69,28,7.27,scattered clouds,2022-04-14 03:01:22
603,Nuristan,AF,35.3,70.8333,36.16,60,100,6.02,overcast clouds,2022-04-14 03:01:22
604,Rio Brilhante,BR,-21.8019,-54.5464,70.36,98,97,2.98,overcast clouds,2022-04-14 03:01:23
605,Zapolyarnyy,RU,69.4154,30.8136,20.48,99,100,1.99,overcast clouds,2022-04-14 03:01:23
606,Fort Dodge,US,42.4975,-94.168,36.01,39,0,13.18,clear sky,2022-04-14 02:59:07
607,Matagami,CA,49.7502,-77.6328,29.05,90,56,7.23,broken clouds,2022-04-14 03:01:24
608,Daru,PG,-9.0763,143.2092,85.6,69,98,6.62,light rain,2022-04-14 03:01:24
609,Talcahuano,CL,-36.7167,-73.1167,52.5,74,0,6.06,clear sky,2022-04-14 03:01:25
610,Solnechnyy,RU,50.7214,136.6319,33.87,73,100,1.83,light snow,2022-04-14 03:01:25
611,Tabuk,PH,17.4189,121.4443,86.23,61,56,3.04,broken clouds,2022-04-14 03:01:25
612,Soyo,AO,-6.1349,12.3689,77.49,89,95,3.69,overcast clouds,2022-04-14 03:01:26
613,Carutapera,BR,-1.195,-46.02,76.24,92,100,5.23,overcast clouds,2022-04-14 03:01:26
614,Kalispell,US,48.1958,-114.3129,21.09,69,72,4.63,broken clouds,2022-04-14 02:57:20
615,Gizo,SB,-8.103,156.8419,85.53,62,13,2.93,few clouds,2022-04-14 02:58:40
616,Foumban,CM,5.7291,10.9001,64.85,90,100,2.19,light rain,2022-04-14 03:01:27
617,Kushima,JP,31.4583,131.2333,70.77,84,100,8.14,overcast clouds,2022-04-14 03:01:27
618,La Asuncion,VE,11.0333,-63.8628,76.73,94,8,13.8,clear sky,2022-04-14 03:01:28
619,Urucara,BR,-2.5364,-57.76,75.92,95,100,3.06,overcast clouds,2022-04-14 03:01:28
620,Dabhol,IN,17.6,73.1667,83.57,67,100,5.1,overcast clouds,2022-04-14 03:01:28
621,Bauchi,NG,10.5,10.0,78.51,56,77,4.47,broken clouds,2022-04-14 02:57:27
622,Revelstoke,CA,50.9832,-118.2023,25.74,91,100,3.6,overcast clouds,2022-04-14 03:00:13
623,Ponta Delgada,PT,37.7333,-25.6667,56.12,82,20,5.75,few clouds,2022-04-14 03:00:58
624,Vinh Long,VN,10.25,105.9667,85.98,54,100,6.49,overcast clouds,2022-04-14 03:01:29
625,Temnikov,RU,54.6302,43.2148,43.5,94,100,8.68,overcast clouds,2022-04-14 03:01:30
626,Fomboni,KM,-12.28,43.7425,83.07,72,100,6.44,overcast clouds,2022-04-14 03:01:30
627,Cheyenne,US,41.14,-104.8203,22.77,70,83,13.0,broken clouds,2022-04-14 03:00:09
628,Vanavara,RU,60.34,102.2797,35.08,81,100,14.81,overcast clouds,2022-04-14 03:01:30
629,Qaqortoq,GL,60.7167,-46.0333,34.79,65,100,3.13,overcast clouds,2022-04-14 03:01:31
630,Niksic,ME,42.7731,18.9445,31.86,73,2,3.04,clear sky,2022-04-14 03:01:31
631,Zambezi,ZM,-13.5432,23.1047,64.89,81,100,4.83,overcast clouds,2022-04-14 03:01:32
632,Karwar,IN,14.8,74.1333,82.6,79,100,7.27,overcast clouds,2022-04-14 03:01:32
633,Raga,SS,8.4596,25.678,76.95,59,89,2.71,overcast clouds,2022-04-14 03:00:26
634,Sijunjung,ID,-0.6876,100.9537,85.93,62,91,0.58,overcast clouds,2022-04-14 03:01:32
635,Pangkalanbuun,ID,-2.6833,111.6167,90.81,55,86,2.35,overcast clouds,2022-04-14 02:56:47
636,Les Cayes,HT,18.2,-73.75,76.14,83,15,6.33,few clouds,2022-04-14 03:01:33
637,Noumea,NC,-22.2763,166.4572,85.98,99,43,9.37,scattered clouds,2022-04-14 03:01:33
638,Boende,CD,-0.2167,20.8667,70.45,99,100,1.74,light rain,2022-04-14 03:01:34
639,Alta Floresta,BR,-9.8756,-56.0861,72.99,93,37,1.9,scattered clouds,2022-04-14 03:00:57
640,Udachnyy,RU,66.4167,112.4,28.45,79,97,23.38,overcast clouds,2022-04-14 03:01:34
641,Aljezur,PT,37.3191,-8.8033,53.15,91,86,9.82,overcast clouds,2022-04-14 03:01:35
642,Puerto Madryn,AR,-42.7692,-65.0385,60.51,41,2,8.14,clear sky,2022-04-14 03:01:10
643,Brandon,US,27.9378,-82.2859,75.97,80,73,5.99,broken clouds,2022-04-14 03:00:35
644,Gumdag,TM,39.2061,54.5906,55.27,68,57,14.2,broken clouds,2022-04-14 03:01:35
645,Providencia,MX,28.7167,-111.5833,70.21,34,53,13.6,broken clouds,2022-04-14 03:01:36
646,Zhumadian,CN,32.9794,114.0294,59.36,48,100,9.89,light rain,2022-04-14 03:01:36
647,Constanta,RO,44.1833,28.65,48.88,66,75,11.79,broken clouds,2022-04-14 02:58:10
648,Clyde River,CA,70.4692,-68.5914,-16.67,94,10,4.38,clear sky,2022-04-14 03:01:37
649,Kavali,IN,14.9167,79.9833,87.37,61,100,9.57,overcast clouds,2022-04-14 03:01:37
650,Tabas,IR,33.5959,56.9244,79.3,14,17,3.98,few clouds,2022-04-14 03:01:38
651,Galle,LK,6.0367,80.217,83.39,74,83,3.85,broken clouds,2022-04-14 03:01:38
652,Berlevag,NO,70.8578,29.0864,26.6,90,88,4.88,overcast clouds,2022-04-14 03:01:38
653,Biloxi,US,30.396,-88.8853,74.03,94,75,8.05,broken clouds,2022-04-14 03:01:31
654,Sedan,FR,49.6667,5.0,52.72,87,100,2.68,overcast clouds,2022-04-14 03:01:39
655,Alugan,PH,12.2188,125.4808,83.95,68,73,8.34,broken clouds,2022-04-14 03:01:39
656,Severodvinsk,RU,64.5635,39.8302,30.31,89,79,4.59,broken clouds,2022-04-14 03:01:40
657,Yerbogachen,RU,61.2767,108.0108,33.3,97,100,14.94,light snow,2022-04-14 03:01:40
658,Kavieng,PG,-2.5744,150.7967,85.48,68,82,12.06,broken clouds,2022-04-14 03:01:40
659,Campos Novos,BR,-27.4017,-51.225,55.72,99,27,1.39,scattered clouds,2022-04-14 03:01:41
660,Flinders,AU,-34.5833,150.8552,71.26,63,3,3.36,clear sky,2022-04-14 03:01:41
661,Alyangula,AU,-13.8483,136.4192,89.31,58,47,10.02,scattered clouds,2022-04-14 03:01:42
662,Iroquois Falls,CA,48.7669,-80.6831,36.28,88,100,12.48,moderate rain,2022-04-14 03:01:42
663,Omsukchan,RU,62.5333,155.8,13.6,86,100,8.59,overcast clouds,2022-04-14 03:01:42
664,Rio Gallegos,AR,-51.6226,-69.2181,55.45,58,0,13.8,clear sky,2022-04-14 02:58:20
665,Filadelfia,US,39.9523,-75.1638,73.98,64,100,5.01,overcast clouds,2022-04-14 03:00:01
666,Port Hedland,AU,-20.3167,118.5667,93.25,27,5,11.5,clear sky,2022-04-14 03:01:43
667,Thiruvananthapuram,IN,8.4833,76.9167,76.98,94,75,0.0,mist,2022-04-14 02:57:59
668,Lagos,NG,6.5833,3.75,77.09,86,82,3.18,broken clouds,2022-04-14 03:00:03
669,Kholodnyy,RU,62.7167,147.95,16.9,50,99,4.38,overcast clouds,2022-04-14 03:01:43
670,Vila Do Maio,CV,15.1333,-23.2167,68.79,80,15,16.82,few clouds,2022-04-14 03:01:44
671,Kyabe,TD,9.4515,18.9449,79.86,60,84,2.59,broken clouds,2022-04-14 03:01:44
672,Kanel,SN,15.4916,-13.1763,83.39,15,7,10.2,clear sky,2022-04-14 03:01:45
673,Thai Binh,VN,20.45,106.3333,82.06,64,0,8.86,clear sky,2022-04-14 02:59:38
674,Staryy Nadym,RU,65.6118,72.6842,33.33,91,100,9.69,overcast clouds,2022-04-14 03:01:45
675,San Cristobal,VE,7.7669,-72.225,69.1,70,99,1.63,overcast clouds,2022-04-14 03:01:46
676,West Wendover,US,40.7391,-114.0733,39.33,37,44,7.14,scattered clouds,2022-04-14 03:01:46
677,Melfi,IT,40.9965,15.6514,40.5,77,48,1.28,scattered clouds,2022-04-14 03:01:46
678,Fort Nelson,CA,58.8053,-122.7002,16.41,93,65,2.71,broken clouds,2022-04-14 03:00:14
679,Rancagua,CL,-34.1708,-70.7444,61.09,21,0,1.59,clear sky,2022-04-14 03:01:47
680,Ngong,KE,-1.3618,36.6566,61.77,89,97,5.19,overcast clouds,2022-04-14 03:01:47
681,Polunochnoye,RU,60.8697,60.4153,34.2,100,100,2.89,overcast clouds,2022-04-14 03:01:48
682,Caraquet,CA,47.7941,-64.9386,29.26,95,2,1.9,clear sky,2022-04-14 03:00:20
683,Valparaiso,CL,-33.0393,-71.6273,58.48,67,0,5.32,clear sky,2022-04-14 03:00:27
684,Ayan,RU,56.45,138.1667,32.88,65,19,7.45,few clouds,2022-04-14 03:01:48
685,San Vicente,AR,-26.6167,-54.1333,60.42,95,41,5.35,scattered clouds,2022-04-14 03:01:34
686,Ulladulla,AU,-35.35,150.4667,70.77,59,0,7.45,clear sky,2022-04-14 03:01:49
687,Yuzhno-Kurilsk,RU,44.0306,145.8556,36.48,69,87,3.69,overcast clouds,2022-04-14 03:01:49
688,San Quintin,MX,30.4833,-115.95,58.68,69,2,16.24,clear sky,2022-04-14 03:01:50
689,Hereford,GB,52.0568,-2.7148,48.61,93,66,2.15,broken clouds,2022-04-14 02:57:28
690,Beloha,MG,-25.1667,45.05,71.98,70,57,5.77,broken clouds,2022-04-14 03:01:50
691,Vallenar,CL,-28.5708,-70.7581,60.8,64,0,2.39,clear sky,2022-04-14 03:01:51
692,Selfoss,IS,63.9331,-20.9971,42.04,83,100,16.93,overcast clouds,2022-04-14 03:01:51
693,Peniche,PT,39.3558,-9.3811,57.11,87,87,14.25,overcast clouds,2022-04-14 03:01:51
694,Kiama,AU,-34.6833,150.8667,72.0,64,2,3.04,clear sky,2022-04-14 03:01:52
695,Deputatskiy,RU,69.3,139.9,4.95,91,100,4.47,overcast clouds,2022-04-14 03:01:52
696,Riyadh,SA,24.6877,46.7219,77.32,31,100,9.24,overcast clouds,2022-04-14 03:01:43
697,Kloulklubed,PW,7.0419,134.2556,81.1,78,98,15.77,light rain,2022-04-14 03:01:53
698,Ranchi,IN,23.35,85.3333,84.31,48,40,8.05,haze,2022-04-14 03:01:53
699,Bukachacha,RU,52.9833,116.9167,39.09,32,74,9.78,broken clouds,2022-04-14 03:01:54
700,Bunia,CD,1.5667,30.25,66.29,80,100,1.88,overcast clouds,2022-04-14 03:01:54
701,Severnoye,RU,56.3491,78.3619,38.16,81,0,6.33,clear sky,2022-04-14 03:01:54
702,Dagana,MR,16.5165,-15.5068,70.79,47,0,10.94,clear sky,2022-04-14 03:01:55
703,Los Llanos De Aridane,ES,28.6585,-17.9182,60.55,92,20,19.57,few clouds,2022-04-14 03:00:43
704,Khani,GE,41.9563,42.9566,27.97,84,17,5.73,few clouds,2022-04-14 03:01:55
705,Padre Paraiso,BR,-17.0742,-41.4844,67.6,88,52,0.43,broken clouds,2022-04-14 03:01:56
706,Matay,EG,28.419,30.7792,56.7,66,0,16.84,clear sky,2022-04-14 03:00:38
707,Akyab,MM,20.15,92.9,84.34,69,66,6.87,broken clouds,2022-04-14 03:01:56
708,San Luis,AR,-33.295,-66.3356,56.17,29,0,9.84,clear sky,2022-04-14 03:01:57
709,Nouadhibou,MR,20.931,-17.0347,63.16,88,0,21.56,clear sky,2022-04-14 03:01:57
710,Tura,IN,25.5198,90.2201,79.11,81,84,10.69,broken clouds,2022-04-14 03:01:58
711,Kandrian,PG,-6.2167,149.55,86.77,65,90,5.06,light rain,2022-04-14 03:01:58
712,Florida,US,28.7505,-82.5001,73.08,86,0,3.44,clear sky,2022-04-14 03:00:02
713,Birin,NP,26.8865,88.0718,70.59,61,0,3.69,clear sky,2022-04-14 03:01:59
714,Emerald,AU,-23.5333,148.1667,84.34,48,75,8.05,broken clouds,2022-04-14 02:58:41
715,Zonguldak,TR,41.25,31.8333,35.65,62,89,5.73,overcast clouds,2022-04-14 03:01:59
716,Tottori,JP,35.5,134.2333,55.47,100,75,17.27,light intensity shower rain,2022-04-14 03:01:59
717,Zaraza,VE,9.3503,-65.3245,82.54,58,55,7.83,broken clouds,2022-04-14 03:02:00
718,Port Macquarie,AU,-31.4333,152.9167,70.9,62,22,10.02,few clouds,2022-04-14 03:02:00
719,Karratha,AU,-20.7377,116.8463,93.51,22,0,0.98,clear sky,2022-04-14 03:02:01
720,Zhigansk,RU,66.7697,123.3711,25.47,93,100,21.97,light snow,2022-04-14 03:02:01
721,Dombarovskiy,RU,50.7587,59.5386,56.35,67,74,15.66,broken clouds,2022-04-14 03:02:02
722,Saint-Augustin,CA,51.226,-58.6502,24.93,94,75,4.21,broken clouds,2022-04-14 03:02:02
723,Boda,CF,4.3189,17.4695,72.46,91,100,1.59,light rain,2022-04-14 03:02:03
724,Meiktila,MM,20.8667,95.8667,91.78,39,23,18.07,few clouds,2022-04-14 03:02:03
725,Lac Du Bonnet,CA,50.2536,-96.0612,31.87,97,100,14.76,snow,2022-04-14 02:58:27
726,Guarapari,BR,-20.6667,-40.4975,76.89,92,95,6.35,overcast clouds,2022-04-14 03:02:04
727,Gamba,GA,-2.65,10.0,76.17,91,100,2.24,overcast clouds,2022-04-14 03:02:04
728,Jinchang,CN,38.4953,102.1739,53.28,25,100,4.68,overcast clouds,2022-04-14 03:02:05
729,West Bay,KY,19.3667,-81.4167,80.67,85,20,5.75,few clouds,2022-04-14 03:02:05
730,Elk City,US,35.412,-99.4043,48.42,29,0,0.0,clear sky,2022-04-14 03:02:06
731,Karachi,PK,24.9056,67.0822,79.57,72,0,11.34,clear sky,2022-04-14 03:01:54
732,Abalak,RU,58.1286,68.5944,42.21,81,100,10.65,overcast clouds,2022-04-14 03:02:06
733,Camopi,GF,3.1655,-52.3158,72.16,99,84,2.1,broken clouds,2022-04-14 03:02:07
